CE_OPTIONS Aggregated | Last Updated: 2026-08-02T17:19:31
OTM data: /root/santhosh/trading/CE_OPTIONS/OTM/data/live_data_trades.csv
ITM data: /root/santhosh/trading/CE_OPTIONS/ITM/data/live_data_trades.csv

=== CLOSED TRADES (Today) ===
Mod | Sts | Underlying | Symbol                   | AlrtPx    | Time  | Entry    | Exit/Curr | High     | Low      | Qty    | PnL      | Charges  | PnL%  | Dur   | Reason
--------------------------------------------------------------------------------------------------------------------------------------------------------------------------

=== ONGOING TRADES (Live) ===
Mod | Sts | Underlying | Symbol                   | AlrtPx    | Time  | Entry    | Exit/Curr | High     | Low      | Qty    | PnL      | Charges  | PnL%  | Dur   | Reason
--------------------------------------------------------------------------------------------------------------------------------------------------------------------------
