timestamp,symbol,sig_type,entry_price,macd_hist,rsi,vol_ratio,day_chg,vwap_dist,ema_spread,outcome_pct,outcome,win
2026-06-09 10:46:00,DIXON,MACD_REVERSAL,11538.0,2.51706908989852,56.57616922775631,1.2559081701553005,1.2816011235955056,-0.06445512044558796,0.02260783915690072,0.017334026694401112,NEUTRAL,False
2026-06-09 11:21:00,DIXON,MOMENTUM_CONTINUATION,11574.0,3.3669259681899257,67.14399538241636,1.3326727768144662,1.5976123595505618,0.24985471301070222,0.0831485606774837,-0.14688094003801624,NEUTRAL,False
2026-06-09 14:13:00,DIXON,MACD_REVERSAL,11529.0,1.5222686133010581,54.1485361325437,1.0186536901865368,1.2025983146067416,-0.263093546248841,0.010948028595302865,-0.078064012490242,NEUTRAL,False
2026-06-09 14:43:00,DIXON,MOMENTUM_CONTINUATION,11563.0,4.428840435540521,72.85685130754501,1.4467503629686564,1.5010533707865168,0.04467899038691134,0.08441576226792759,0.3113378880913258,WIN,True
2026-06-10 11:08:00,DIXON,DEEP_MACD_REVERSAL,11713.0,1.4733949988461805,62.07284263089217,1.2285860393761185,0.8871662360034452,0.3245560699911745,0.01239324313151714,0.3841885084948348,WIN,True
2026-06-11 11:21:00,DIXON,DEEP_MACD_REVERSAL,11466.0,4.269534138305496,62.848301758389454,1.2646370023419202,-0.03487358326068004,0.21553161412714103,0.03294330689579199,0.44479330193615907,WIN,True
2026-06-11 12:45:00,DIXON,MACD_REVERSAL,11490.0,1.6992608235829465,53.07701961342632,1.0715151515151515,0.17436791630340018,0.33710929164410114,0.025242098527077126,-0.3394255874673629,LOSS,False
2026-06-16 09:35:00,DIXON,MOMENTUM_CONTINUATION,12212.0,18.30236008962129,86.91364062886183,1.4617803910843703,2.132641967048591,0.9396942925308327,0.48301642353143676,-0.4585653455617425,LOSS,False
2026-06-11 09:40:00,PREMIERENE,MACD_REVERSAL,1066.9000244140625,0.9110274292260874,57.98054830359431,0.9124161755740703,-0.19644299213634236,0.4136249376816281,0.09370578799018577,0.34679455311728946,WIN,True
2026-06-11 12:34:00,PREMIERENE,MOMENTUM_CONTINUATION,1075.199951171875,0.40308235961106165,71.6259060012396,1.2751842751842752,0.5799767232811038,0.6916864694134179,0.08413500807935949,-0.474328108030415,LOSS,False
2026-06-16 13:17:00,PREMIERENE,MOMENTUM_CONTINUATION,1060.4000244140625,0.23682350954302878,66.20933916800314,1.280067066486103,1.7658372758217369,1.6471907821132794,0.07866341160493051,0.33949222020498465,WIN,True
2026-06-09 14:40:00,ASIANPAINT,MOMENTUM_CONTINUATION,2714.800048828125,0.9522400318336744,75.69893577647252,1.414087003362323,2.244655722818368,0.8017711977272308,0.07606345625874546,-0.19154085304070992,NEUTRAL,False
2026-06-11 09:42:00,ASIANPAINT,MACD_REVERSAL,2702.10009765625,0.6499662162285539,49.522975337491594,1.048489527557094,-0.4788037100813322,0.24309084381736148,0.02258178831678071,-0.34048314200055263,LOSS,False
2026-06-11 13:02:00,ASIANPAINT,MACD_REVERSAL,2690.199951171875,0.9283256111682795,63.64516742155881,1.0508307287382794,-0.9170986552528763,-0.114019604284037,0.051331442456177316,-0.341980199942663,LOSS,False
2026-06-11 14:30:00,ASIANPAINT,MACD_REVERSAL,2685.60009765625,0.741669408200537,60.638955958878945,1.3590758717934812,-1.0865161113384079,-0.14823067714405436,0.035400300667034146,-0.12660658179683348,NEUTRAL,False
2026-06-16 10:20:00,ASIANPAINT,MOMENTUM_CONTINUATION,2761.10009765625,0.5870089602735886,71.91467412687463,1.4777053623281924,0.8915901238616486,0.38489421482651326,0.08489445641591442,0.06156789365651747,NEUTRAL,False
2026-06-10 11:39:00,SUNPHARMA,MOMENTUM_CONTINUATION,1794.699951171875,0.4022087806465138,75.52983679901375,1.4455391565092097,0.882515523995222,0.6663065632326344,0.07932002596609218,-0.09472063398480579,NEUTRAL,False
2026-06-11 12:21:00,SUNPHARMA,MOMENTUM_CONTINUATION,1798.300048828125,0.5441294615640808,75.64076519156018,1.4091091409524072,0.6661455581856979,0.465898026257532,0.06632110223365889,0.2279917407892681,WIN,True
2026-06-11 10:23:00,SIEMENS,MACD_REVERSAL,3577.60009765625,1.2471074481183964,65.2019751053717,1.3924298882133752,0.4915592123805991,0.2437392873654182,0.056766341230549695,-0.307468685703757,LOSS,False
2026-06-16 12:10:00,AMBER,MOMENTUM_CONTINUATION,7781.5,1.7952567970573985,72.89946406439796,1.4180768726223272,2.1194225721784776,0.7884995972845527,0.06266580060074502,0.5076142131979695,WIN,True
2026-06-16 13:16:00,AMBER,MACD_REVERSAL,7782.0,3.335278805387547,62.961464960666184,1.0738427863258868,2.1259842519685037,0.4974530958032553,0.07476979030318912,0.0321254176304292,NEUTRAL,False
2026-06-09 12:47:00,GODREJPROP,MOMENTUM_CONTINUATION,1673.5,0.3378024132800479,64.08353691286268,1.203292396132741,1.1422715274348716,0.269677614946009,0.0230193491027664,-0.32865252464893935,LOSS,False
2026-06-12 11:48:00,GODREJPROP,DEEP_MACD_REVERSAL,1663.0,0.5413938677897792,65.59240564861699,1.2666408168540777,2.781211372064277,0.13789599667579322,0.030438862570585427,0.0,NEUTRAL,False
2026-06-10 09:47:00,COFORGE,MOMENTUM_CONTINUATION,1422.0999755859375,0.7174160937292475,68.59225519166753,1.4078765597988965,0.858154296875,0.6637955316605945,0.15858083527282196,0.3234635865908236,WIN,True
2026-06-09 09:44:00,HINDUNILVR,MOMENTUM_CONTINUATION,2122.0,0.09733496455524182,62.510167589257975,1.34330180042722,0.5734915501350937,0.20324372424115034,0.03576993296955431,-0.01884553929076343,NEUTRAL,False
2026-06-09 11:30:00,HINDUNILVR,MOMENTUM_CONTINUATION,2122.89990234375,1.0865473930373966,74.90157959516475,1.2588171459576776,0.6161429736813178,0.2641300848040237,0.11056949348691647,0.094210753780333,NEUTRAL,False
2026-06-12 14:30:00,HINDUNILVR,MOMENTUM_CONTINUATION,2163.300048828125,0.6120396074215084,68.82093240442329,1.4770330795958948,1.09823345470386,0.20807213305165323,0.06234157529374204,0.3097097499491303,WIN,True
2026-06-16 13:20:00,HINDUNILVR,MOMENTUM_CONTINUATION,2195.10009765625,0.025616789440186416,68.39264728753862,1.3216486041357434,1.8607933947215778,0.2145318310477365,0.03142706694320092,-0.1230101221982109,NEUTRAL,False
2026-06-09 12:02:00,MARUTI,MOMENTUM_CONTINUATION,12990.0,0.6288602996619783,79.19608786818847,1.4570812497132635,0.7757951900698216,0.6586836723550713,0.0972798877227869,0.30792917628945343,WIN,True
2026-06-09 13:40:00,MARUTI,MACD_REVERSAL,13011.0,0.803563780456158,52.00223440266809,0.9706224925585608,0.9387121799844842,0.6547569546841427,0.005883284497393893,0.14603028206901852,NEUTRAL,False
2026-06-09 14:34:00,MARUTI,MOMENTUM_CONTINUATION,13076.0,3.2755637615242588,73.46491005272269,1.2074001947419668,1.442979053529868,1.0956489552836477,0.07234354432674214,0.29825634750688285,WIN,True
2026-06-10 13:03:00,MARUTI,MACD_REVERSAL,13176.0,3.737686243386367,64.97077980240192,1.1343523732904264,0.5034324942791762,0.2698270877729511,0.04059897836272242,-0.04553734061930783,NEUTRAL,False
2026-06-11 13:27:00,MARUTI,DEEP_MACD_REVERSAL,13160.0,1.5683430546265655,53.71825992259512,1.0270894851713956,0.6654937657767919,0.4536627904804591,-0.006133691176842496,-0.07598784194528875,NEUTRAL,False
2026-06-12 13:47:00,MARUTI,MOMENTUM_CONTINUATION,13329.0,5.388847394102562,79.21213181709335,1.2870219297032715,1.4537981427919013,0.5278120645936832,0.19517148967257636,0.42763898266936756,WIN,True
2026-06-09 09:35:00,BDL,MOMENTUM_CONTINUATION,1202.199951171875,0.5902664823261854,71.99807618638589,1.4660341464589304,1.6229882647400675,0.554847699051106,0.18597653622673374,-0.3410394071253242,LOSS,False
2026-06-12 11:06:00,BDL,MOMENTUM_CONTINUATION,1180.4000244140625,0.6320458069340773,70.25250005545627,1.2675371319540574,2.022474020230121,0.2677179941362266,0.10385642553704993,0.02540890813361177,NEUTRAL,False
2026-06-16 10:17:00,TATAELXSI,MOMENTUM_CONTINUATION,4116.7998046875,0.694715912800965,62.43615999243203,1.4771803507142027,1.0505597615979383,0.34344026294571983,0.06625232516942467,-0.06557780701835539,NEUTRAL,False
2026-06-16 13:11:00,TATAELXSI,MACD_REVERSAL,4102.0,0.8957484897820842,61.40844521947149,1.273764258555133,0.6872852233676976,-0.04441313640243613,0.025749920678983032,0.10482215230375427,NEUTRAL,False
2026-06-09 10:02:00,TRENT,MACD_REVERSAL,2780.0,1.7285304381085431,62.95969548832865,1.022591621576393,2.511158232551088,-0.055912014126942744,0.06159240728847719,-0.4208615529451439,LOSS,False
2026-06-09 11:05:00,TRENT,MOMENTUM_CONTINUATION,2793.0,0.4284008698977334,63.18238796488819,1.3837161018302617,2.990526958098989,0.3666892976271666,0.03485785007763471,-0.42606166644289295,LOSS,False
2026-06-09 14:33:00,TRENT,MACD_REVERSAL,2774.199951171875,1.176206060984814,74.72142679345383,1.0562796654863256,2.2972842314084825,-0.0866759642155988,0.07056329471353401,0.13697818812662682,NEUTRAL,False
2026-06-10 13:54:00,TRENT,MACD_REVERSAL,2785.5,1.1860511456829494,59.96827770660118,1.105173670148166,0.6831454375990668,-0.8206101383649408,0.04074835116489608,0.0610285827275175,NEUTRAL,False
2026-06-09 10:13:00,SBILIFE,MACD_REVERSAL,1771.300048828125,0.7180612300600655,64.13344431659937,1.2454174086100345,0.18665434548218326,0.029383348055701683,0.042554091540769626,-0.0056510841467104144,NEUTRAL,False
2026-06-09 12:24:00,SBILIFE,MOMENTUM_CONTINUATION,1777.0,0.26731414545120624,64.30500955139766,1.4980340760157274,0.5090497737556561,0.22472373731747883,0.006053893248561882,0.17444994856148002,NEUTRAL,False
2026-06-09 13:43:00,SBILIFE,MOMENTUM_CONTINUATION,1781.800048828125,0.17184127155000675,72.21266937787937,1.3490585557624664,0.7805457481971154,0.38959553735429314,0.016429285832909514,-0.18520870679599624,NEUTRAL,False
2026-06-16 10:57:00,SBILIFE,MOMENTUM_CONTINUATION,1784.300048828125,0.2611702071838158,67.72353190521545,1.4488169819354055,1.0934871857294617,0.14305397839337092,0.056699353679975285,-0.26901578752281763,LOSS,False
2026-06-11 13:30:00,INDUSTOWER,MOMENTUM_CONTINUATION,418.3999938964844,0.040731817443622774,60.16667344660385,1.4462273672935506,1.2707249370831164,0.5930291210327959,0.020763929912861724,-0.29875717453027983,LOSS,False
2026-06-12 10:07:00,INDUSTOWER,MOMENTUM_CONTINUATION,421.7999877929688,0.11610077910852151,66.47899713743672,1.2992461281266756,2.0689625633318345,0.2128920719083732,0.0647600135050594,0.4148885847903222,WIN,True
2026-06-10 11:28:00,WAAREEENER,MOMENTUM_CONTINUATION,3061.199951171875,0.8171357562329873,68.95390465535786,1.3883557261676263,0.6543222314226391,0.4679670841166172,0.04321794464161101,-0.15026308601187924,NEUTRAL,False
2026-06-10 13:02:00,WAAREEENER,MACD_REVERSAL,3058.800048828125,1.3542659659434872,70.27730348708351,1.1768535850899324,0.5754118212289875,0.3471621811990254,0.06219785399291534,-0.20269226732392331,LOSS,False
2026-06-11 09:43:00,AUROPHARMA,MOMENTUM_CONTINUATION,1472.0,0.1992339879528644,71.64021107675688,1.4820109602096736,0.821917808219178,0.3716848970151523,0.15264041099459516,-0.33288209334663726,LOSS,False
2026-06-11 13:54:00,AUROPHARMA,MOMENTUM_CONTINUATION,1471.0,0.1565144747238513,60.519384965522384,1.3192853870819974,0.7534246575342466,0.24576776175844733,0.028965116369833743,-0.006796436841434398,NEUTRAL,False
2026-06-12 10:39:00,AUROPHARMA,MOMENTUM_CONTINUATION,1479.0,0.5789162911161667,80.3912439148008,1.2466881285433464,1.0176917329774193,0.19451595559801718,0.07930270448591914,-0.1352265043948614,NEUTRAL,False
2026-06-09 10:45:00,MAZDOCK,MOMENTUM_CONTINUATION,2434.39990234375,0.5000248313983631,60.02544342194732,1.3058381247235737,1.9003726389179572,0.24224429149853507,0.013560274524519958,-0.16019974121734554,NEUTRAL,False
2026-06-09 13:41:00,MAZDOCK,MACD_REVERSAL,2412.0,1.1224380111844474,71.25583153129985,1.2990031737517322,0.9627459187944746,-0.5036048235741835,0.06262017799414779,-0.269485903814262,LOSS,False
2026-06-16 09:30:00,MAZDOCK,MOMENTUM_CONTINUATION,2458.89990234375,1.3165678048135945,72.86779495711636,1.2529642869783741,0.7580724774752152,0.357266825484497,0.14269334434032518,-0.0813371865236832,NEUTRAL,False
2026-06-16 11:24:00,MAZDOCK,DEEP_MACD_REVERSAL,2460.5,0.8432045165259937,61.6679686944057,0.9620219663887786,0.8236395042036329,0.14084210773227174,0.021686880656962754,-0.2235318024791709,LOSS,False
2026-06-09 11:07:00,INDIGO,MACD_REVERSAL,4438.39990234375,0.6393649956936247,52.01889226477222,0.9119154885816373,1.423637560778523,0.12210087235956024,0.014163517492643374,-0.0360512277274756,NEUTRAL,False
2026-06-09 11:47:00,INDIGO,MOMENTUM_CONTINUATION,4492.0,4.421395944649612,88.23577137931822,1.2256309222253494,2.648474663681108,1.2177877088616809,0.2927313247417179,0.5120213713268031,WIN,True
2026-06-10 11:11:00,INDIGO,DEEP_MACD_REVERSAL,4559.10009765625,1.368992133027371,63.72320975517941,1.0261249041693696,0.47381874861791207,0.035274673412923424,0.03101409679334603,0.019738595873616007,NEUTRAL,False
2026-06-11 11:30:00,INDIGO,MACD_REVERSAL,4516.0,1.456197184495396,59.53483843714109,0.9949743641809229,-0.1988950276243094,-0.22580337936801018,0.047271072429566255,-0.354295837023915,LOSS,False
2026-06-09 14:42:00,OBEROIRLTY,DEEP_MACD_REVERSAL,1628.5,0.5304691922075241,58.96232077158398,1.1453292271594075,2.2734377982665297,0.016332552347945603,0.0022198596582148887,0.33159499011743937,WIN,True
2026-06-11 09:53:00,OBEROIRLTY,MACD_REVERSAL,1587.800048828125,0.7887096252142699,63.62127029769344,1.0070367474589523,-0.23874885750821787,0.4405195174934824,0.07888941442286473,-0.35899187976435926,LOSS,False
2026-06-12 14:41:00,OBEROIRLTY,MOMENTUM_CONTINUATION,1614.5,0.21682918891480096,63.60738260398297,1.3517385076181796,2.0092278896312195,0.5854709106432757,0.06564323094886053,0.13006971730799008,NEUTRAL,False
2026-06-16 14:06:00,OBEROIRLTY,MOMENTUM_CONTINUATION,1679.699951171875,0.5356624260304668,75.19783035630962,1.4474061335626254,0.6169837430922309,0.17240166565498,0.07542922456068826,-0.04167120272800304,NEUTRAL,False
2026-06-09 12:02:00,HEROMOTOCO,MOMENTUM_CONTINUATION,4836.2001953125,0.7660442593125896,74.03825471250724,1.3262801985057533,1.4133617133340064,0.7698203279806494,0.0648802876132508,-0.19437554785493277,NEUTRAL,False
2026-06-09 12:40:00,HEROMOTOCO,MOMENTUM_CONTINUATION,4831.2001953125,0.5903131260039826,61.313680750636976,1.4536723780421261,1.3085135292042127,0.6151931940190035,0.02299355130365426,-0.2049261099675793,LOSS,False
2026-06-09 13:27:00,HEROMOTOCO,MOMENTUM_CONTINUATION,4841.7998046875,0.1427096801454817,69.60562772179192,1.472231924554663,1.5307834882949904,0.7635381512999392,0.050635056996994256,0.03098021521971649,NEUTRAL,False
2026-06-09 12:27:00,MUTHOOTFIN,MOMENTUM_CONTINUATION,2994.0,0.8703759479590396,75.00226039031148,1.3024627899700532,1.3540961408259988,0.8404677914876731,0.08693851110204945,0.4008016032064128,WIN,True
2026-06-09 14:12:00,MUTHOOTFIN,MACD_REVERSAL,2986.39990234375,1.2509708709349059,69.97685223209396,1.3084019931915734,1.0968145681702777,0.4285290506059611,0.05673873340236674,0.016742566848049926,NEUTRAL,False
2026-06-11 10:43:00,MUTHOOTFIN,MACD_REVERSAL,2901.0,1.1117626281594806,56.79891974468086,0.9468494066521812,-0.30927835051546393,0.6774261660819726,0.06005804538619795,-0.2792174304119269,LOSS,False
2026-06-12 10:14:00,MUTHOOTFIN,MACD_REVERSAL,2971.10009765625,1.4931196436071164,61.93559800982935,1.041188444713933,2.5224326313405796,-0.12646655375369717,0.07024374758981532,-0.15819713769346733,NEUTRAL,False
2026-06-12 13:28:00,MUTHOOTFIN,MOMENTUM_ACCELERATION,2981.39990234375,0.7616585568905183,70.26564269743898,1.1647121535181237,2.8778434211093855,0.05587822874342968,0.07889601294686294,0.35218354947102865,WIN,True
2026-06-16 10:35:00,MUTHOOTFIN,MACD_REVERSAL,3185.60009765625,0.815057980816484,62.903003371979544,1.345132743362832,0.8069364644149271,0.1429490596172891,0.031661380501998834,-0.26054898837527085,LOSS,False
2026-06-16 11:41:00,MUTHOOTFIN,MACD_REVERSAL,3166.39990234375,0.9368201900743691,60.60000724640283,1.3021481297171766,0.19935459298179742,-0.26173270776417956,0.03592044950559551,-0.056840725840339855,NEUTRAL,False
2026-06-09 10:12:00,GRASIM,MOMENTUM_CONTINUATION,3098.699951171875,0.6567908278929159,63.09572101442992,1.316408086506817,1.5933855270182762,0.15762960062308762,0.05213962139608914,-0.1678107352700757,NEUTRAL,False
2026-06-09 11:59:00,GRASIM,MOMENTUM_CONTINUATION,3104.0,0.14937716909744303,62.882909348489676,1.403013760248625,1.7671519169212717,0.29990023573380153,0.033024210281430634,-0.05476646816607603,NEUTRAL,False
2026-06-11 09:44:00,GRASIM,MACD_REVERSAL,3067.39990234375,1.2669851794592324,56.94227910875101,1.284153005464481,-0.34762337068399507,0.24350645079353578,0.06610798097135541,-0.18256026908477907,NEUTRAL,False
2026-06-09 10:21:00,MFSL,MOMENTUM_CONTINUATION,1596.0,1.0586579281678168,72.49572627749015,1.4150280898876404,0.510106144051884,0.5416099900938917,0.13725187692957458,-0.30075493910557644,LOSS,False
2026-06-09 12:02:00,MFSL,MACD_REVERSAL,1593.199951171875,1.7072062596901454,66.88268567482652,1.1590703290069424,0.33376954948836784,0.3727349381549104,0.1660832522195081,0.14436661427419728,NEUTRAL,False
2026-06-09 10:13:00,ABB,MOMENTUM_CONTINUATION,7005.0,2.3039393344761847,62.68239797240503,1.4768359295974105,1.0822510822510822,0.08330550633512661,0.056900079421862454,0.06423982869379015,NEUTRAL,False
2026-06-11 10:23:00,ABB,MACD_REVERSAL,6775.5,2.063256663333579,57.55797330858612,1.0071718116619894,-0.3602941176470588,0.07305262275669017,0.033484374217669886,-0.317319754999631,LOSS,False
2026-06-11 09:30:00,RELIANCE,MACD_REVERSAL,1261.9000244140625,0.5857439141882264,61.45868500582549,0.9908264275697917,0.27016483226559396,0.32865845052173814,0.05686510523442821,-0.30905969875651573,LOSS,False
2026-06-11 12:33:00,RELIANCE,MOMENTUM_CONTINUATION,1274.4000244140625,0.0809602478642909,69.93687260881794,1.3069244281585857,1.2634107599572904,0.7136955040565687,0.0643497230106088,-0.4315756351722265,LOSS,False
2026-06-16 09:37:00,RELIANCE,MOMENTUM_CONTINUATION,1314.5,0.27969207700556353,69.43698635554082,1.3161463534058995,0.6123230003827019,0.28588233689873266,0.10422668925081247,-0.0532484725656143,NEUTRAL,False
2026-06-16 10:22:00,RELIANCE,MOMENTUM_CONTINUATION,1321.5999755859375,0.3908177391276251,72.47438290135204,1.2333558159167757,1.1557577945608495,0.5539395137654104,0.1116086699508527,-0.03783293048097422,NEUTRAL,False
2026-06-16 12:00:00,RELIANCE,MOMENTUM_CONTINUATION,1332.300048828125,0.3880166403066222,69.41647537781617,1.20918310008982,1.9747454135572138,0.7577942452503444,0.08308830028316637,-0.17263744981080614,NEUTRAL,False
2026-06-09 13:38:00,VOLTAS,MOMENTUM_CONTINUATION,1302.199951171875,0.30914785247267923,60.890823019480784,1.4889441318853853,2.53542922613189,0.11550646079772871,0.02582634052873091,-0.015354874779027604,NEUTRAL,False
2026-06-09 14:40:00,VOLTAS,MOMENTUM_CONTINUATION,1307.5,0.25631437965356274,67.57007086836327,1.3479511143062546,2.952755905511811,0.4958866568376656,0.05823323435851708,-0.42065009560229444,LOSS,False
2026-06-11 11:30:00,VOLTAS,MACD_REVERSAL,1286.800048828125,0.7064363584515472,62.0316648229444,0.9058058299205011,-0.2712547366931255,-0.004984401197033019,0.08982770933841455,-0.14765498461029994,NEUTRAL,False
2026-06-16 10:33:00,VOLTAS,MOMENTUM_CONTINUATION,1339.300048828125,0.2688539397424299,62.929687328127464,1.3920717914488079,0.9725591206741034,0.31857090623613815,0.05377385123911735,0.06719198916907426,NEUTRAL,False
2026-06-09 11:27:00,TORNTPHARM,MOMENTUM_CONTINUATION,4471.89990234375,1.561232612441731,75.32790936675528,1.3031432119996178,1.4266251382116126,0.5731871365645894,0.07418081233784783,0.2951809208784324,WIN,True
2026-06-11 11:32:00,TORNTPHARM,MOMENTUM_CONTINUATION,4591.0,0.6808316245292829,66.00987284682752,1.2499722080174311,2.851889668154289,0.9501665528091545,0.06726152912332284,0.1372207511979961,NEUTRAL,False
2026-06-11 10:32:00,HAL,MACD_REVERSAL,4208.2998046875,0.8436464961569392,61.81535463782458,1.182109832043782,-0.27725581309241704,0.10676696921430102,0.03398451447428676,-0.09029310799737962,NEUTRAL,False
2026-06-09 09:32:00,DIVISLAB,MOMENTUM_CONTINUATION,6601.0,0.9854560776475605,69.30718525417899,1.4445271779597915,1.4601905932984938,0.3074087616013853,0.1992866751811781,0.6817148916830783,WIN,True
2026-06-10 11:09:00,DIVISLAB,MOMENTUM_ACCELERATION,6805.0,1.4547622699896223,64.15098973609389,1.0388349514563107,0.6805740494155941,0.44995998453398944,0.04134329666350048,0.0073475385745775165,NEUTRAL,False
2026-06-11 10:09:00,DIVISLAB,MACD_REVERSAL,6687.5,1.157058342046743,59.53168866837795,0.9101844426623897,0.7381185508774573,0.050333738420290285,0.018732527547941635,0.21682242990654207,WIN,True
2026-06-11 13:03:00,DIVISLAB,MACD_REVERSAL,6709.0,0.9809118930910414,56.176366812316914,0.9271128335072292,1.061986894629811,0.14459361536844764,0.022664410087279634,-0.07452675510508272,NEUTRAL,False
2026-06-11 14:32:00,DIVISLAB,MACD_REVERSAL,6668.5,1.602106162452488,57.59798399712287,1.1212185318383754,0.45190931686374936,-0.33260231318920475,0.02302873104119537,-0.3374072130164205,LOSS,False
2026-06-16 13:18:00,DIVISLAB,MACD_REVERSAL,6666.0,2.5601965710417014,62.35443999165689,1.495344001446524,0.7709750566893424,0.49572302619082814,0.04130993892951507,0.0,NEUTRAL,False
2026-06-09 11:44:00,ASTRAL,MOMENTUM_CONTINUATION,1523.0,0.3434278417477591,62.91566888440529,1.2009956440572496,0.7808396776994688,0.06350635949407694,0.005985526595729704,0.019701170592580433,NEUTRAL,False
2026-06-09 12:21:00,ASTRAL,MOMENTUM_CONTINUATION,1524.800048828125,0.04549695510719842,65.15372995365264,1.4723082215342278,0.899953553181607,0.17402404727774692,0.019163901783796577,0.013113271607557408,NEUTRAL,False
2026-06-12 10:06:00,ASTRAL,MOMENTUM_CONTINUATION,1522.9000244140625,0.2374705138633516,62.77203817960861,1.3555337904015672,2.194341317517328,0.16304947853140095,0.0418074774726055,-0.3808555213830649,LOSS,False
2026-06-16 10:01:00,ASTRAL,MOMENTUM_CONTINUATION,1565.800048828125,0.9340224052203201,70.51977080212814,1.499513968133215,1.4513427536433052,0.5346582642806388,0.17104765665887378,0.4151232467303041,WIN,True
2026-06-16 12:32:00,ASTRAL,MOMENTUM_CONTINUATION,1570.9000244140625,0.20731149818369965,68.99204208850068,1.2299239222316145,1.7817804564594406,0.3330488688439705,0.020454632004138783,-0.08912243887606418,NEUTRAL,False
2026-06-09 10:02:00,CAMS,MOMENTUM_CONTINUATION,754.0,0.2110173998958048,67.58893923772874,1.3450203509483034,2.1818640809399428,0.4915397224548845,0.1061046881690005,-0.3050381688287467,LOSS,False
2026-06-12 11:42:00,CAMS,MOMENTUM_CONTINUATION,739.0,0.23487316402158143,72.74175221542181,1.3765428963275257,1.9310344827586208,0.33241902883545726,0.07574032041379257,-0.06089475061315968,NEUTRAL,False
2026-06-16 12:57:00,CAMS,MOMENTUM_CONTINUATION,782.6500244140625,0.5798156198923952,81.04991480789572,1.478309309936634,0.5847640368705381,0.05080020142382347,0.18281035668621387,0.07027250697149125,NEUTRAL,False
2026-06-09 11:35:00,MANKIND,DEEP_MACD_REVERSAL,2378.199951171875,0.6867722059198811,63.28100947428838,1.1773770997071968,0.8823300962830019,0.12060117398806046,-0.0028906202325766055,0.45412703094217116,WIN,True
2026-06-09 14:44:00,MANKIND,MOMENTUM_CONTINUATION,2392.699951171875,1.0774606533777753,76.32492458661885,1.4176802653785718,1.4974145367966354,0.5245937367522236,0.09666433808013229,0.004183460454411556,NEUTRAL,False
2026-06-10 09:45:00,MANKIND,MACD_REVERSAL,2401.10009765625,1.1874704850416047,69.1405024103551,0.9853321829163072,0.4644392324790795,0.15134553316487415,0.0670547364726708,0.01665496345364155,NEUTRAL,False
2026-06-11 10:20:00,MANKIND,MOMENTUM_CONTINUATION,2388.89990234375,1.3081679703956484,71.04699153839955,1.359384251036116,0.5344647518240938,0.28730707906444114,0.1012260198592684,0.17163120364429643,NEUTRAL,False
2026-06-10 09:40:00,EICHERMOT,MOMENTUM_CONTINUATION,7236.0,0.5639791441043962,61.262191626946226,1.2479289755853575,0.7098121085594989,0.24244788361167235,0.043049777924073454,0.09673852957435047,NEUTRAL,False
2026-06-10 10:31:00,EICHERMOT,MACD_REVERSAL,7230.5,3.613986882904808,65.24734185428127,1.276367536646407,0.6332637439109255,0.12913929963649962,0.05664617159155799,-0.17979392849733766,NEUTRAL,False
2026-06-10 12:08:00,EICHERMOT,MOMENTUM_CONTINUATION,7250.0,1.4770548672348747,73.11126667436402,1.4725535502404297,0.9046624913013221,0.3447760858111406,0.040954956740732115,-0.30344827586206896,LOSS,False
2026-06-11 11:13:00,EICHERMOT,MACD_REVERSAL,7152.5,1.3120839904204122,58.82116155129226,1.0952600092038656,-0.6321200333425951,0.4886291144008019,0.02666239558268922,0.16078294302691365,NEUTRAL,False
2026-06-11 11:58:00,EICHERMOT,DEEP_MACD_REVERSAL,7158.0,0.6770023590557006,57.96189834864678,1.155015197568389,-0.5557099194220617,0.48565177729952685,0.009381496430232146,0.2514668901927913,WIN,True
2026-06-11 13:00:00,EICHERMOT,MACD_REVERSAL,7195.0,2.1713239727400304,65.72464848389694,0.9231321839080461,-0.04167824395665463,0.7667841029938625,0.042094579283590644,-0.2918693537178596,LOSS,False
2026-06-11 13:38:00,EICHERMOT,MACD_REVERSAL,7180.5,0.8913247525245771,54.852883558052405,0.9644505101709234,-0.24312308974715197,0.482523623178477,0.013280453237271577,0.18104588816934755,NEUTRAL,False
2026-06-12 14:34:00,EICHERMOT,MOMENTUM_CONTINUATION,7308.5,0.6228240518332417,75.58191794654206,1.435472739820566,1.7967825057455256,0.4513835289951221,0.04980474125007135,-0.11630293493876992,NEUTRAL,False
2026-06-11 11:53:00,TITAN,MOMENTUM_CONTINUATION,4065.300048828125,0.7369956549305829,71.90548416071954,1.4561984744587408,0.6262388323793316,1.352959670053011,0.08929318999306494,-0.03197916051730931,NEUTRAL,False
2026-06-12 10:46:00,TITAN,MOMENTUM_CONTINUATION,4098.39990234375,0.8225059643997745,60.479649461334304,1.2870021416831305,1.818541986977913,0.3800304396452553,0.0013874323341086408,0.3513542525587885,WIN,True
2026-06-12 12:29:00,TITAN,MOMENTUM_CONTINUATION,4109.39990234375,0.4560589193212298,61.48537748404006,1.3498556304138596,2.091820336710515,0.40461224752691505,0.01833387685589786,0.02677027503754433,NEUTRAL,False
2026-06-16 11:10:00,TITAN,MOMENTUM_CONTINUATION,4310.5,1.3547194906413953,65.10663848948646,1.4255497465778026,0.651471108848544,0.024309713191816292,0.06453076971764433,0.32014394356803155,WIN,True
2026-06-09 11:48:00,UNOMINDA,MOMENTUM_CONTINUATION,1066.0999755859375,0.2824288192079245,65.9819456446555,1.4111318021932546,1.4367246037999524,0.14917339982819844,0.058370576977529724,0.3751993332334115,WIN,True
2026-06-09 14:12:00,PRESTIGE,MOMENTUM_CONTINUATION,1349.800048828125,0.7945034064604735,76.81191126676504,1.339341205717837,1.8717017983490565,0.12559032725519156,0.14097662770862804,-0.34079845087009236,LOSS,False
2026-06-10 09:31:00,PRESTIGE,MOMENTUM_CONTINUATION,1355.0,1.1812564686822022,63.893714215770416,1.4208323073134694,0.5864467788017209,0.5601758543389731,0.05233800444531441,-0.32472504900830257,LOSS,False
2026-06-11 09:47:00,PRESTIGE,MACD_REVERSAL,1324.0999755859375,0.5591553406123109,58.19818809101635,0.9641037384782732,-0.2936765372035015,0.3949252695866241,0.07479359071770406,-0.1132844972175325,NEUTRAL,False
2026-06-16 13:30:00,PRESTIGE,MOMENTUM_CONTINUATION,1506.699951171875,0.544678461922298,78.67190830355308,1.2067352666043032,2.322577329159593,1.1809698108916709,0.11657470536252887,0.22566035204408436,WIN,True
2026-06-11 09:41:00,DMART,MACD_REVERSAL,4053.300048828125,4.41536491272274,62.18367695928297,1.098827094674224,0.24484707729839922,0.46696463827635853,0.1235105226868267,0.041939929227950534,NEUTRAL,False
2026-06-16 10:05:00,DMART,MACD_REVERSAL,4143.39990234375,0.5155908600438125,56.50258034586413,1.2283464566929134,1.0831886397596975,-0.3135114811963599,0.016024035093839612,0.30651628160043215,WIN,True
2026-06-16 13:25:00,DMART,MOMENTUM_CONTINUATION,4170.10009765625,0.356985170223845,61.68806474701845,1.38766077170418,1.7345717896133201,0.14283385461145365,0.011161045805883745,0.07913010743686014,NEUTRAL,False
2026-06-09 14:12:00,ADANIPORTS,MOMENTUM_CONTINUATION,1823.5,1.055970463136806,80.96791317547066,1.2734057550377311,1.474680022259321,1.045416668451081,0.18713091662885367,0.13709898546750754,NEUTRAL,False
2026-06-10 09:40:00,ADANIPORTS,MACD_REVERSAL,1829.9000244140625,1.414711664908069,62.824788588951904,1.2961050080711993,0.19163381259386777,0.3350549886332246,0.09095327610163595,0.32788676539425765,WIN,True
2026-06-10 10:31:00,ADANIPORTS,MOMENTUM_CONTINUATION,1844.0,0.5405550446484828,64.21700025931312,1.3452051643675587,0.9636429780263415,0.6585229654769044,0.07863752222325678,0.3308012790638434,WIN,True
2026-06-11 09:32:00,ADANIPORTS,DEEP_MACD_REVERSAL,1818.0,0.8171145081226083,54.74122096821275,0.9343165535080994,-0.10989010989010989,0.32580119061319746,-0.01225376663948875,-0.3355322104476073,LOSS,False
2026-06-16 13:27:00,ADANIPORTS,MOMENTUM_CONTINUATION,1819.300048828125,1.2114802777464728,79.7115907947042,1.4957642286123374,0.569378044672471,0.5239076923221226,0.1608289878761591,0.4012491926504598,WIN,True
2026-06-10 09:39:00,JSWSTEEL,MACD_REVERSAL,1261.9000244140625,0.5141104673619586,60.039087661774076,0.9486390917342943,0.0158574344083687,0.21897270915125305,0.05779651142828764,-0.11094574744243886,NEUTRAL,False
2026-06-10 10:55:00,JSWSTEEL,MOMENTUM_CONTINUATION,1270.199951171875,0.40057592671888087,68.56082888995023,1.3766774484474913,0.6736942481534651,0.6066585694817639,0.12262654300923724,0.45662486624833576,WIN,True
2026-06-10 12:36:00,JSWSTEEL,MOMENTUM_CONTINUATION,1289.699951171875,0.35432495440837125,61.84801786066712,1.3603480848094682,2.2192281115643557,1.0350697424347788,0.038535292983367275,-0.31790150741744944,LOSS,False
2026-06-11 13:00:00,JSWSTEEL,MOMENTUM_CONTINUATION,1292.0999755859375,0.691698660747555,86.7808786502135,1.2765982679439174,1.756176240376797,0.9890506477810245,0.1845601607044183,-0.30183611854755504,LOSS,False
2026-06-12 10:43:00,JSWSTEEL,MOMENTUM_CONTINUATION,1298.199951171875,0.10962511057074198,62.044995371588705,1.2017898154747761,1.2399517849414952,0.10079754547283279,0.038334299318522246,-0.1309467906188463,NEUTRAL,False
2026-06-12 10:27:00,PNBHOUSING,MACD_REVERSAL,973.0,0.7198675639845845,66.29891288437852,0.9323298720269284,2.0023037107761756,-0.4018298955376278,0.09998813499113375,-0.10277492291880781,NEUTRAL,False
2026-06-09 09:38:00,SUPREMEIND,MOMENTUM_CONTINUATION,3532.0,0.7806508905740399,64.90491745084417,1.2331679659815733,1.1715476841012995,0.2756369268050167,0.14123239517366945,-0.33975084937712347,LOSS,False
2026-06-10 09:45:00,SUPREMEIND,MOMENTUM_CONTINUATION,3524.10009765625,1.9495141591862981,78.88881362285031,1.3653846153846154,0.6972068127213193,0.5097002395018251,0.15645481240686865,0.3092960484010975,WIN,True
2026-06-10 11:57:00,SUPREMEIND,MACD_REVERSAL,3518.39990234375,1.1012105536741315,70.00300143619145,1.282876064333018,0.5343301263759289,0.22822541441082891,0.04658607853102115,-0.36948614031452676,LOSS,False
2026-06-10 13:01:00,SUPREMEIND,MACD_REVERSAL,3506.300048828125,0.6212477565895209,61.34408285662377,1.1307692307692307,0.1885903862712561,-0.08445307997216593,0.021202046219688103,-0.02567226055499291,NEUTRAL,False
2026-06-12 11:15:00,SUPREMEIND,MACD_REVERSAL,3508.800048828125,1.7254049515809693,85.7704781748174,1.3947001394700138,1.8815345188189603,0.2568952260324881,0.07125350561441822,-0.3961510000838433,LOSS,False
2026-06-16 12:38:00,SUPREMEIND,MOMENTUM_CONTINUATION,3588.39990234375,0.20674295254132935,60.263268762806966,1.2885154061624648,1.024772025443412,0.09970684606288142,0.02491777821433287,-0.011144308177268795,NEUTRAL,False
2026-06-11 09:44:00,BHARTIARTL,MOMENTUM_CONTINUATION,1786.9000244140625,0.186836086117536,66.03156176612592,1.2565294193460346,0.6137401134044201,0.2295282948921726,0.06990164453745878,-0.19586993968214172,NEUTRAL,False
2026-06-11 12:00:00,BHARTIARTL,MOMENTUM_CONTINUATION,1793.5,0.16831356298091893,62.60954640951165,1.2781631633376325,0.9853603603603603,0.31880202532148466,0.02944433629474878,-0.30666294954000556,LOSS,False
2026-06-11 13:17:00,BHARTIARTL,MOMENTUM_CONTINUATION,1794.4000244140625,0.0330619623734526,60.8321055465325,1.31719821600093,1.0360374107017174,0.3132946879480388,0.017194777465928426,-0.3009376025741978,LOSS,False
2026-06-12 10:03:00,BHARTIARTL,MOMENTUM_CONTINUATION,1806.0,0.055927045678379805,65.75992067498441,1.4476445261881872,1.0688888759851307,0.2159730870414906,0.052632223529085136,0.11074197120708748,NEUTRAL,False
2026-06-12 11:05:00,BHARTIARTL,MOMENTUM_CONTINUATION,1809.4000244140625,0.2904499131053994,64.75663686982838,1.2271080802153105,1.2591638979566253,0.284252791852171,0.044628741075375906,-0.011057435585715196,NEUTRAL,False
2026-06-12 13:12:00,BHARTIARTL,MOMENTUM_CONTINUATION,1813.9000244140625,0.3113521635687487,70.72972644183417,1.221150533930417,1.5109966775479504,0.2896470240916088,0.03159403522237317,0.06615310412504065,NEUTRAL,False
2026-06-09 10:06:00,BHARATFORG,MOMENTUM_CONTINUATION,1939.0,0.04895014468892045,66.76451168609813,1.429741703586057,2.42459590122049,0.3483224218442765,0.09232127867782118,-0.34553641938499224,LOSS,False
2026-06-11 12:32:00,BHARATFORG,MACD_REVERSAL,1951.800048828125,0.7742178686764856,62.09919835649642,1.3037180106228874,-0.30136908059983,0.010810869772100716,0.04459241206516314,-0.1588327481655368,NEUTRAL,False
2026-06-09 11:49:00,POLYCAB,MACD_REVERSAL,9652.5,1.2188000910493821,57.34550952121218,1.0178668110449378,2.0456707897240722,0.07697658818139853,0.019388023741890498,0.03626003626003626,NEUTRAL,False
2026-06-09 12:26:00,POLYCAB,MOMENTUM_CONTINUATION,9675.0,1.0474003356531427,60.78526252730326,1.4993173637830457,2.283539486203616,0.2827511997432373,0.04128153872176583,0.041343669250646,NEUTRAL,False
2026-06-09 14:07:00,POLYCAB,MOMENTUM_CONTINUATION,9668.5,1.5262050175826578,64.05590199854086,1.3568962015031485,2.214821862776192,0.15234345802301855,0.020105650040640848,0.025857165020427158,NEUTRAL,False
2026-06-09 12:36:00,BAJFINANCE,MOMENTUM_CONTINUATION,882.5,0.4187970945422531,87.42049697385534,1.3292806812340894,1.4367816091954022,0.24201673568276738,0.1127562408461724,0.03399295104461757,NEUTRAL,False
2026-06-09 14:33:00,BAJFINANCE,MOMENTUM_CONTINUATION,886.2000122070312,0.3084754672772861,70.59944254992566,1.4469115225112605,1.8620703686242814,0.5140220739534972,0.04926584179437211,0.06206136147516364,NEUTRAL,False
2026-06-12 11:13:00,BAJFINANCE,MOMENTUM_CONTINUATION,890.1500244140625,0.16033830444864594,61.63981548414733,1.2276408474507523,1.8478288803275171,0.1301009212324475,0.06441418794672929,0.044932131431386996,NEUTRAL,False
2026-06-12 13:31:00,BAJFINANCE,MOMENTUM_CONTINUATION,891.75,0.30536047541700917,68.4549944473093,1.3024137195916337,2.030892448512586,0.25256879698005585,0.08653380180197316,0.35884633664493976,WIN,True
2026-06-16 12:13:00,BAJFINANCE,MOMENTUM_CONTINUATION,959.0,0.28823990524395504,73.29817786079613,1.2784647298095977,1.9128586609989375,0.03724461231280982,0.06234154453664118,-0.31282586027111575,LOSS,False
2026-06-16 13:35:00,BAJFINANCE,MOMENTUM_CONTINUATION,958.75,0.06409508234388454,64.40003909792532,1.3016794678622614,1.8862911795961743,0.03490918220387463,0.014468319104238828,-0.03650332056715658,NEUTRAL,False
2026-06-11 12:04:00,KPITTECH,MOMENTUM_CONTINUATION,741.4000244140625,0.41380014503942286,76.98384884960703,1.4951156812339332,1.0632564187171603,1.7712546066063766,0.3006548359990988,-0.3304575298561022,LOSS,False
2026-06-16 09:33:00,KPITTECH,MOMENTUM_CONTINUATION,764.5499877929688,0.31853866564420374,68.00392905734469,1.2432356564727165,0.9973563795203104,0.49375180799944507,0.16112257762651042,0.3073751433673572,WIN,True
2026-06-16 10:16:00,KPITTECH,MOMENTUM_CONTINUATION,764.5499877929688,0.24675130325357994,61.588583765483705,1.299009492364837,0.9973563795203104,0.24159170179738865,0.021926744870873323,-0.01961459437585634,NEUTRAL,False
2026-06-09 12:17:00,TVSMOTOR,MOMENTUM_CONTINUATION,3362.5,0.48755766856502314,63.928323424019716,1.275890637945319,1.3533850078998357,0.5323204019623023,0.04376476801833683,0.1427523815055762,NEUTRAL,False
2026-06-09 14:32:00,TVSMOTOR,MOMENTUM_CONTINUATION,3362.0,0.3757446733664398,65.31156811097367,1.4829154970477205,1.338313872582676,0.4059662041024795,0.04496018422039256,-0.30338938643292684,LOSS,False
2026-06-10 14:19:00,TVSMOTOR,DEEP_MACD_REVERSAL,3372.39990234375,0.5805284211551487,55.386532742324576,1.0844909737601505,0.27950943632917036,0.5243801734569705,-0.0002015795187592939,-0.1363970362004872,NEUTRAL,False
2026-06-12 11:13:00,DALBHARAT,MACD_REVERSAL,1641.800048828125,0.6636949749639305,65.4105871743454,1.2345679012345678,1.8802388351303132,0.17507584608609258,0.053521216523355064,-0.04264059089821531,NEUTRAL,False
2026-06-09 14:43:00,BRITANNIA,MOMENTUM_CONTINUATION,5122.5,0.14619129444338252,74.43193606936369,1.453423120089787,1.2551887724846806,0.7151393716012808,0.08851580252991256,-0.15617374328940947,NEUTRAL,False
2026-06-10 09:32:00,BRITANNIA,MOMENTUM_CONTINUATION,5209.0,1.6829743265828547,77.84246015173571,1.467486111483857,1.9872736172295644,0.46811717533294644,0.3408018492902343,0.21117296985985792,WIN,True
2026-06-10 12:56:00,BRITANNIA,MACD_REVERSAL,5198.5,1.3924367690826158,59.75460948822911,0.9438555162936788,1.781693587860989,-0.01450178388894213,0.03194650393684684,0.16350870443397134,NEUTRAL,False
2026-06-11 09:30:00,BRITANNIA,MACD_REVERSAL,5172.5,4.010867893202069,55.65975540879548,1.3526649191786806,0.11613277847672505,0.2692998428893433,0.09279813106063177,0.11599806669888835,NEUTRAL,False
2026-06-12 09:35:00,BRITANNIA,MOMENTUM_CONTINUATION,5153.0,0.12898764621326464,62.57424177921671,1.357302721825139,0.7823195775474282,0.12478387797766827,0.08589867321754412,0.04851542790607413,NEUTRAL,False
2026-06-12 14:03:00,HDFCLIFE,MOMENTUM_CONTINUATION,553.4000244140625,0.13731239337844958,75.4851001398913,1.3749915959929695,1.3738779381902513,0.6541298222565854,0.1315483268776702,0.289117368151826,WIN,True
2026-06-09 13:27:00,LUPIN,MOMENTUM_CONTINUATION,2268.0,0.5617240582295753,63.837706461932335,1.2299079318564525,0.5988023952095809,0.27651822110989305,0.05086884924464603,0.05732137690145502,NEUTRAL,False
2026-06-10 13:05:00,LUPIN,MACD_REVERSAL,2275.800048828125,0.5414861880301741,74.00653661469588,0.9776202082871704,0.4324822960337599,0.23969680288408796,0.03648578960999275,-0.17137474297811434,NEUTRAL,False
2026-06-12 14:03:00,LUPIN,MOMENTUM_CONTINUATION,2289.89990234375,0.6145968174687274,68.94055208308218,1.221662468513854,0.7745391514074751,0.3421531416421009,0.06342324054848583,-0.03056688945916756,NEUTRAL,False
2026-06-09 11:47:00,APOLLOHOSP,MOMENTUM_CONTINUATION,8469.0,2.5793172665757442,69.70259191745059,1.2334801762114538,1.3644524236983842,0.5032091495614033,0.06372717980231835,0.017711654268508677,NEUTRAL,False
2026-06-09 12:23:00,APOLLOHOSP,MOMENTUM_CONTINUATION,8487.0,1.7367210461060467,74.13496556174495,1.3951624653941426,1.5798922800718134,0.6172752667297366,0.06203310523799823,-0.011782726522917402,NEUTRAL,False
2026-06-09 13:12:00,APOLLOHOSP,MOMENTUM_CONTINUATION,8509.5,1.0173222238520188,73.91229594703381,1.2443087471208956,1.8491921005385996,0.726436866370963,0.04322023129971151,0.08226100240907222,NEUTRAL,False
2026-06-09 13:43:00,APOLLOHOSP,MOMENTUM_CONTINUATION,8531.0,0.2319508922118132,72.81873485919239,1.2840310451602526,2.1065230400957513,0.8365624576996125,0.05862143700897995,-0.3223537686086039,LOSS,False
2026-06-09 14:18:00,APOLLOHOSP,MACD_REVERSAL,8527.5,1.6169208619754283,61.347912941800566,1.4033783504728863,2.064631956912029,0.6837569881238231,0.029619522354630015,-0.2697156259161536,LOSS,False
2026-06-10 09:45:00,APOLLOHOSP,MOMENTUM_CONTINUATION,8615.0,0.8343292184968885,67.73142745338532,1.3506103286384976,1.0438658221909454,0.38259944952643404,0.1199325268737694,-0.30760301799187467,LOSS,False
2026-06-11 11:07:00,APOLLOHOSP,MACD_REVERSAL,8475.5,1.7766737649095938,64.83849305213857,1.3367196898810318,-0.15314837721623373,0.06274761140459773,0.024002932516874517,0.1474839242522565,NEUTRAL,False
2026-06-11 12:55:00,APOLLOHOSP,DEEP_MACD_REVERSAL,8480.5,0.6239857449102546,45.025919689680535,1.3420686916815565,-0.09424515520998998,0.05588126313730597,-0.029644985229640645,0.3006898178173457,WIN,True
2026-06-11 09:47:00,KAYNES,MACD_REVERSAL,3054.89990234375,2.240132705213025,58.783283979885304,1.0995422765454455,-0.653661712398374,0.5171654957649883,0.09950976279033982,-0.09492626391866933,NEUTRAL,False
2026-06-16 11:55:00,KAYNES,MACD_REVERSAL,3170.10009765625,0.5528359953149937,48.4201788406879,1.1238337574215438,2.925327845982143,-0.5292900813810071,0.020977179010122096,0.154566171187233,NEUTRAL,False
2026-06-16 11:27:00,PIIND,MOMENTUM_CONTINUATION,2891.60009765625,1.0470647750574766,63.82397440892039,1.3482056256062076,2.1766818959805656,0.41967479834998594,0.05153782323473778,0.3112463582808299,WIN,True
2026-06-10 10:21:00,CIPLA,MOMENTUM_CONTINUATION,1388.300048828125,0.3125671673403455,73.48865623420812,1.4494695218133495,1.0407604678402473,0.47538469273915396,0.08722419207927692,-0.23770429388881728,LOSS,False
2026-06-10 10:52:00,CIPLA,MOMENTUM_CONTINUATION,1389.4000244140625,0.5337011418667635,69.26447272608208,1.2763603228325957,1.120816915142831,0.4602338426201946,0.07240970654008888,-0.15834699895843996,NEUTRAL,False
2026-06-12 13:29:00,CIPLA,MOMENTUM_CONTINUATION,1394.5,0.21152962895483207,62.85700898803933,1.262346684033431,0.8315256688358641,0.260824320888344,0.039247024289487176,-0.2007923146737182,LOSS,False
2026-06-09 10:43:00,AXISBANK,MACD_REVERSAL,1281.0,0.5723588253889329,72.84276116696478,1.1116649788276778,1.096995081831234,-0.11826544931910217,0.06038898871193858,0.007804495389344263,NEUTRAL,False
2026-06-09 13:07:00,AXISBANK,MOMENTUM_CONTINUATION,1283.0999755859375,0.3814762907196891,61.983672500240125,1.3210979416971875,1.2627259338870411,0.13096518091581963,0.018433092994989533,0.20263234630257093,WIN,True
2026-06-09 14:08:00,AXISBANK,MOMENTUM_CONTINUATION,1288.800048828125,0.21317310713668436,65.64307942483555,1.4723907552838569,1.7125778281349004,0.4876181278581819,0.04029890372930568,-0.06983429391400711,NEUTRAL,False
2026-06-10 10:10:00,AXISBANK,MOMENTUM_CONTINUATION,1305.4000244140625,0.615446073234154,77.21494050457662,1.416683818187518,1.0058805133413573,0.470245000975151,0.11383146098003405,-0.33706330103965493,LOSS,False
2026-06-10 11:28:00,AXISBANK,MOMENTUM_CONTINUATION,1312.0,0.16338796453313603,64.16999505476639,1.3388374428204843,1.5165564233739142,0.7050512503201345,0.042197390174646195,0.3201182295636433,WIN,True
2026-06-10 13:05:00,AXISBANK,MOMENTUM_CONTINUATION,1326.0,0.3065399697786384,70.48297695540013,1.3258373360741431,2.599812360818453,1.099150465597037,0.0852013290499018,-0.33182687888857465,LOSS,False
2026-06-11 10:28:00,AXISBANK,MOMENTUM_CONTINUATION,1324.199951171875,0.14471060416313442,61.29934388291363,1.4961795976852315,0.776251991771309,0.3640674181244249,0.05547601185574361,-0.1585844784300957,NEUTRAL,False
2026-06-12 12:22:00,AXISBANK,MOMENTUM_CONTINUATION,1334.800048828125,0.2684639828187926,69.01802803270857,1.2341195196064245,1.3284748615600572,0.43184120670242226,0.04074237348413172,0.15732510556777052,NEUTRAL,False
2026-06-12 12:55:00,AXISBANK,MOMENTUM_CONTINUATION,1336.800048828125,0.09013001249618044,60.49466172042624,1.2718393733092186,1.4803005600240637,0.4322076653987742,0.01712372860363012,-0.13465355792760267,NEUTRAL,False
2026-06-12 14:07:00,AXISBANK,MOMENTUM_CONTINUATION,1344.800048828125,0.12092178069738593,60.4186919227925,1.3081300707132533,2.0876033538800898,0.7922539404349751,0.0215749519588821,0.1561552282636697,NEUTRAL,False
2026-06-09 11:48:00,DLF,MOMENTUM_CONTINUATION,569.8499755859375,0.18268393522428236,63.573653288324984,1.485769416304872,1.8225588719582484,0.1217042044468796,0.057013536292794834,0.1491684930265577,NEUTRAL,False
2026-06-09 13:39:00,DLF,MOMENTUM_CONTINUATION,570.5,0.19640893922387065,68.26328085042073,1.3664144171278692,1.9387072478549632,0.21271998607640358,0.05593132340591198,-0.017524204371165645,NEUTRAL,False
2026-06-11 09:39:00,COLPAL,MACD_REVERSAL,2062.699951171875,1.7481878028841689,66.52594590948007,1.0004540638716513,0.21863764973067074,0.8564513305237634,0.14722565211941785,-0.3345082904486414,LOSS,False
2026-06-12 13:30:00,COLPAL,MACD_REVERSAL,2056.699951171875,0.9691845316689566,73.76961484742766,0.9468917249897076,1.1259662599056834,-0.26900396784682357,0.05544421553295252,0.37438378736225914,WIN,True
2026-06-16 11:31:00,COLPAL,MACD_REVERSAL,2077.199951171875,0.6745816288819404,82.66458017532861,1.4700211615330354,0.9476600312350987,-0.1333398507893026,0.05376771063447707,-0.06258660016776735,NEUTRAL,False
2026-06-09 10:18:00,HDFCAMC,MOMENTUM_CONTINUATION,2477.5,0.40009258708799367,62.60363860230102,1.3012455333188726,0.9987770077456177,0.23277063712649676,0.07028772188369097,-0.37941079086781027,LOSS,False
2026-06-09 12:04:00,HDFCAMC,MOMENTUM_CONTINUATION,2471.0,0.5125427240362888,75.38853004283891,1.203180002373136,0.7337953526294333,0.24882152550293363,0.07685892129738714,-0.04046944556859571,NEUTRAL,False
2026-06-09 12:35:00,HDFCAMC,MOMENTUM_CONTINUATION,2475.800048828125,0.2885406070813239,63.35914416129948,1.374376186901029,0.9294761038779046,0.4161349458872965,0.04560634120587888,0.4079430211016266,WIN,True
2026-06-09 13:41:00,HDFCAMC,MOMENTUM_CONTINUATION,2490.199951171875,0.8311097664334692,73.66450871405053,1.378239639414048,1.5165084048868733,0.8917568968061333,0.07808554757754911,-0.35739709735203207,LOSS,False
2026-06-12 14:23:00,HDFCAMC,MOMENTUM_CONTINUATION,2443.300048828125,0.01869760213912297,70.26274857473246,1.272810218978102,2.2386810154361885,1.5301387435666758,0.12156348646603973,0.20054443767969188,WIN,True
2026-06-16 09:54:00,HDFCAMC,MOMENTUM_CONTINUATION,2653.39990234375,0.5288329969399284,62.230487157855755,1.325546903967371,1.1628350732235742,0.16560102643287627,0.0376613878870462,-0.6218436951559974,LOSS,False
2026-06-16 12:02:00,HDFCAMC,MOMENTUM_CONTINUATION,2656.0,0.7567762747508606,74.97736473426872,1.4907674064035235,1.2619657207151778,0.39282553950230753,0.11406176166560344,0.03765060240963856,NEUTRAL,False
2026-06-10 11:29:00,SRF,MOMENTUM_CONTINUATION,2747.89990234375,0.5299709816719487,75.8964176596599,1.3255554904144926,2.2284189860026045,0.8582917472350389,0.15175977326034587,-0.06914015834890956,NEUTRAL,False
2026-06-10 12:11:00,SRF,MACD_REVERSAL,2747.10009765625,0.9178825845601422,68.2039038745326,1.3781668656320467,2.1986643473307295,0.6182518771518795,0.04742526872003257,-0.007287514301746817,NEUTRAL,False
2026-06-10 12:54:00,SRF,MOMENTUM_CONTINUATION,2746.5,0.6689371521794427,61.33904684200038,1.231763619575254,2.1763392857142856,0.5176075583790128,0.01922742698420404,0.3022045813990534,WIN,True
2026-06-12 11:11:00,SRF,MOMENTUM_CONTINUATION,2703.39990234375,0.42104935818789224,69.13889024085631,1.2024723731035776,1.6927475794866764,0.15528984595589207,0.049361718830564214,-0.22563637404649778,LOSS,False
2026-06-12 13:42:00,SRF,MOMENTUM_CONTINUATION,2716.39990234375,0.42547344922117514,73.26268386758238,1.482230934614898,2.1817635468939387,0.5417138951876972,0.09032889413128448,0.1141252307355478,NEUTRAL,False
2026-06-16 09:57:00,SRF,MOMENTUM_CONTINUATION,2755.699951171875,0.4394977604075696,70.60937852797329,1.3927667564699158,1.293878006685352,0.3537266918540456,0.09839348374441298,0.43546105209665303,WIN,True
2026-06-09 13:19:00,FORTIS,MOMENTUM_CONTINUATION,992.5,0.06868621936345806,68.01831927297987,1.3417561591914087,0.8638211382113822,0.06897132791643734,0.01693839197698624,-0.2670049787468399,LOSS,False
2026-06-10 10:24:00,FORTIS,MOMENTUM_CONTINUATION,995.9000244140624,0.8378926356365524,77.7486887067897,1.453496985651931,0.6213714992737951,0.4542213594564938,0.16701047814592546,0.5572836285684598,WIN,True
2026-06-11 12:28:00,FORTIS,MOMENTUM_CONTINUATION,995.4000244140624,0.35540671646215094,75.54643827429733,1.2705011649687057,0.7489903253099581,0.9057842527074403,0.12749241236055533,-0.2561833198292161,LOSS,False
2026-06-11 13:00:00,FORTIS,MOMENTUM_CONTINUATION,996.6500244140624,0.4699736478409281,66.91839583986487,1.3740056538031689,0.87550854393344,0.9076884605857227,0.09549823211406498,-0.33612968835907536,LOSS,False
2026-06-09 10:11:00,CGPOWER,MOMENTUM_CONTINUATION,917.25,0.12651236879417627,65.77855174034065,1.4696506708729598,2.1493387750541,0.45007989151512284,0.08433498977431095,-0.20168717208368642,LOSS,False
2026-06-10 12:14:00,CGPOWER,MOMENTUM_CONTINUATION,919.7999877929688,0.15242515327276118,71.76201141812487,1.442370804072932,0.6180564708213828,1.3509973571178,0.1457198097525697,0.19569339170006708,NEUTRAL,False
2026-06-11 13:02:00,CGPOWER,MACD_REVERSAL,909.25,0.5010368867429924,59.245580474660095,1.2339731712739939,0.1266407273406599,-0.617050015924593,0.06575234693300556,-0.3354399552343965,LOSS,False
2026-06-16 10:50:00,CGPOWER,MOMENTUM_CONTINUATION,943.5,0.33242106860211973,67.77490379373111,1.2036471730405454,0.575634213260642,0.08215675006408289,0.07222521440626045,-0.1907777205054319,NEUTRAL,False
2026-06-09 14:17:00,BLUESTARCO,MOMENTUM_CONTINUATION,1564.0,1.026214816389071,79.54101548724346,1.289755041277575,0.5787781350482315,0.26149425204346877,0.08676189645402685,0.1278772378516624,NEUTRAL,False
2026-06-10 11:54:00,BLUESTARCO,MACD_REVERSAL,1592.4000244140625,0.6291601113001071,70.9097832662896,1.134550611593689,1.3750938957540702,0.08510327365010283,0.056346217044096376,-0.3202697505492742,LOSS,False
2026-06-10 14:06:00,BLUESTARCO,MOMENTUM_CONTINUATION,1595.5,0.2860129486854444,60.68768744705262,1.4691943127962084,1.5724440033155127,0.27728068045756105,0.03217401630305082,0.3384534261399248,WIN,True
2026-06-16 10:56:00,BLUESTARCO,MOMENTUM_CONTINUATION,1639.199951171875,0.7546083455729604,69.90988823204232,1.2913907284768211,1.940295470887749,0.3961543835181747,0.14192443905196864,-0.31722494672828166,LOSS,False
2026-06-16 13:26:00,APLAPOLLO,MOMENTUM_CONTINUATION,1845.300048828125,0.15625999123553314,64.97765294433233,1.2231738035264483,0.6271130817860422,0.12376247312076191,0.07081987391429537,-0.07045189366090399,NEUTRAL,False
2026-06-09 12:19:00,GLENMARK,MOMENTUM_CONTINUATION,2207.699951171875,0.4423974027762738,67.97666107283092,1.2653395145895827,1.7045193178368647,0.45284732675857625,0.04453614734515118,0.12229701642389545,NEUTRAL,False
2026-06-09 13:26:00,GLENMARK,MOMENTUM_CONTINUATION,2207.800048828125,1.1670510244644299,73.49548809473454,1.2689280868385346,1.7091306256408736,0.4037527471906905,0.09900929790221345,0.08153133383072644,NEUTRAL,False
2026-06-09 11:01:00,HINDZINC,MOMENTUM_CONTINUATION,559.9500122070312,0.14581153951352033,65.77042532397802,1.2255726495726496,0.7104338501854766,0.16193028059636208,0.05721334642632699,0.20536893541151885,WIN,True
2026-06-11 10:47:00,HINDZINC,MOMENTUM_CONTINUATION,553.9500122070312,0.4420712596043279,76.62333535589266,1.2075254712404089,1.0304622542132682,1.4006383593817986,0.2549817087424998,-0.40617383345396396,LOSS,False
2026-06-11 11:28:00,HINDZINC,MOMENTUM_CONTINUATION,552.0499877929688,0.1478042369570984,63.82127023047744,1.393490124112619,0.6839321691569968,0.9006710387589689,0.05538039881296112,-0.3351101579285394,LOSS,False
2026-06-11 11:21:00,JINDALSTEL,MOMENTUM_CONTINUATION,1134.4000244140625,0.670649660087585,71.08498941319405,1.3776367369796527,1.2134167553041444,0.6353358804638132,0.10418072028692653,-0.12341540761034778,NEUTRAL,False
2026-06-09 14:07:00,HINDALCO,MOMENTUM_CONTINUATION,1077.699951171875,0.10254254596793089,74.59052794309801,1.2138208322241295,1.4401286150431665,1.246985164401568,0.08529401458838252,0.3062122091159581,WIN,True
2026-06-16 12:57:00,ONGC,MOMENTUM_CONTINUATION,246.8500061035156,0.03864086836291249,71.35792874308316,1.2242857719135471,1.3341543179678501,0.5198764164073177,0.046954834039311985,0.10127607608612474,NEUTRAL,False
2026-06-16 13:55:00,ONGC,MOMENTUM_CONTINUATION,247.5,0.003992880365407903,60.19911175204618,1.3968936900180815,1.6009826760132086,0.6571615869048462,0.021376215462586657,-0.10101010101010101,NEUTRAL,False
2026-06-16 09:54:00,VEDL,MACD_REVERSAL,302.5,0.5227681768740899,75.30571197135701,1.3861552454745638,0.19874333078700074,1.1064501208534554,0.2896608693973347,0.36363838132747933,WIN,True
2026-06-10 11:08:00,TECHM,DEEP_MACD_REVERSAL,1488.800048828125,0.5351384831077255,64.16525890270348,0.908560595012396,0.16146557956419486,0.16908808024205885,0.03660275998221486,-0.38957876396433333,LOSS,False
2026-06-16 09:33:00,TECHM,MOMENTUM_CONTINUATION,1446.5999755859375,0.4650775938852676,80.03590324771484,1.4644260324477827,1.3948289826264344,0.41896205323681257,0.235621565831468,-0.352549127057173,LOSS,False
2026-06-16 10:16:00,TECHM,MOMENTUM_CONTINUATION,1447.0,0.5473516472092249,70.50923482403806,1.4952681388012619,1.4228674229259468,0.3384053725055575,0.08014368539065547,0.3317241760970974,WIN,True
2026-06-09 14:41:00,PIDILITIND,MOMENTUM_CONTINUATION,1481.9000244140625,0.14303286131294474,69.67414514211598,1.3373712901271957,1.5139042914595437,0.15658641795025033,0.01482516338394676,0.0,NEUTRAL,False
2026-06-10 14:34:00,PIDILITIND,MOMENTUM_CONTINUATION,1523.0,0.053064178916157334,61.937253620198746,1.4892353965489946,2.558922558922559,0.3804199390890902,0.04096060508784408,-0.3020338533117203,LOSS,False
2026-06-12 13:40:00,AUBANK,MOMENTUM_CONTINUATION,975.5999755859376,0.3736004890507769,85.70638433690738,1.4898337758702216,0.7851214448282658,0.6974728486853327,0.23862445137881094,0.32288073932868916,WIN,True
